head_top_x,head_top_y,upper_neck_x,upper_neck_y,right_shoulder_x,right_shoulder_y,right_elbow_x,right_elbow_y,right_wrist_x,right_wrist_y,thorax_x,thorax_y,left_shoulder_x,left_shoulder_y,left_elbow_x,left_elbow_y,left_wrist_x,left_wrist_y,pelvis_x,pelvis_y,right_hip_x,right_hip_y,right_knee_x,right_knee_y,right_ankle_x,right_ankle_y,left_hip_x,left_hip_y,left_knee_x,left_knee_y,left_ankle_x,left_ankle_y
0.400390625,0.052734375,0.458984375,0.181640625,0.400390625,0.201171875,0.396484375,0.330078125,0.400390625,0.458984375,0.466796875,0.205078125,0.521484375,0.208984375,0.517578125,0.373046875,0.478515625,0.478515625,0.509765625,0.439453125,0.474609375,0.451171875,0.482421875,0.623046875,0.443359375,0.794921875,0.548828125,0.427734375,0.587890625,0.646484375,0.603515625,0.841796875
